iter	MAPE	RMSE	R2	MAE
0	0.03792830376	0.6688868059	0.6110705879	0.5107927235
